{"cameraMode":{"drawMode":0,"name":"Shaded","section":"Shading Mode"},"sceneLighting":false,"audioPlay":false,"sceneViewState":{"showFog":true,"showMaterialUpdate":false,"showSkybox":false,"showFlares":true,"showImageEffects":true,"showParticleSystems":true},"in2DMode":false,"pivot":{"x":0.0,"y":0.5476571321487427,"z":0.058926552534103397},"rotation":{"x":-0.07626296579837799,"y":0.915129542350769,"z":-0.20720908045768739,"w":-0.3376619815826416},"size":1.124047040939331,"orthographic":false}