{"cameraMode":{"drawMode":0,"name":"Shaded","section":"Shading Mode"},"sceneLighting":false,"audioPlay":false,"sceneViewState":{"showFog":true,"showMaterialUpdate":false,"showSkybox":false,"showFlares":true,"showImageEffects":true,"showParticleSystems":true},"in2DMode":false,"pivot":{"x":0.0,"y":0.5512255430221558,"z":0.05365005135536194},"rotation":{"x":0.11328790336847305,"y":-0.8295243382453919,"z":0.18266186118125916,"w":0.5156626105308533},"size":0.845843493938446,"orthographic":false}