{"cameraMode":{"drawMode":0,"name":"Shaded","section":"Shading Mode"},"sceneLighting":false,"audioPlay":false,"sceneViewState":{"showFog":true,"showMaterialUpdate":false,"showSkybox":false,"showFlares":true,"showImageEffects":true,"showParticleSystems":true},"in2DMode":false,"pivot":{"x":2.369999885559082,"y":2.059999942779541,"z":0.0},"rotation":{"x":-0.00338722113519907,"y":0.35540062189102175,"z":-0.0012454872485250235,"w":-0.9347566366195679},"size":9.19547176361084,"orthographic":false}