{"cameraMode":{"drawMode":0,"name":"Shaded","section":"Shading Mode"},"sceneLighting":false,"audioPlay":false,"sceneViewState":{"showFog":true,"showMaterialUpdate":false,"showSkybox":false,"showFlares":true,"showImageEffects":true,"showParticleSystems":true},"in2DMode":false,"pivot":{"x":80.0,"y":15.00003433227539,"z":-0.000001907232217490673},"rotation":{"x":-0.0019801368471235039,"y":-0.966223955154419,"z":0.005689854733645916,"w":-0.25874656438827517},"size":149.34188842773438,"orthographic":false}